timestamp,participant_id,question_no,question,answer,source,bi_score,ce_score,rating,comment
2026-04-19T12:38:41.496879,P3,1,Did i have to complete some subjects before taking this module? are there some prerequisites for it?,"No, there are no prerequisites for this course. This is indicated directly in the context as ""The prerequisites according to examination regulations are: no.""",Transcript,0.4569,-3.8432,4,
2026-04-19T12:39:09.292309,P2,1,what is the difficule level and how many credits ??,The course is considered a basic level course. It offers 6 credit points.,Transcript,0.2785,-9.4595,5,
2026-04-19T12:40:02.046978,P3,2,How many credits will i get after passing this module. Do I have to  also complete assignments during the course?,"After passing this module, you will get 6 credits. There is mention of independent study and lab work, indicating these might be part of the course requirements, but no explicit statement about completing assignments.",Transcript,0.3759,-4.7405,5,
2026-04-19T12:40:31.044086,P2,2,Is the course only in english ??,"Yes, the course is offered in English.",Transcript,0.4329,-3.0833,5,
2026-04-19T12:40:51.232642,P3,3,"What is the language that the course is taught at, and the exam. Can the exam be only taken in one language?","The course is taught in English and the exam is also conducted in English. The examination type is a written exam, which can be taken in English only.",Transcript,0.435,-2.2484,5,
2026-04-19T12:41:15.434295,P2,3,To which module can I map this course in DIgital engineering ?,"You can map this course, Data Management for Engineering Applications (DMEA), to the module M.Sc.EN: Methods of digital engineering in the Digital Engineering curriculum.",Transcript,0.6036,-0.4741,5,
2026-04-19T12:41:26.950868,P3,4,Which department offers this module and what is the name of the professor?,The module is offered by the Informatics Department and the professor associated with this course is Gunter Saake.,Transcript,0.455,-4.1788,5,
2026-04-19T12:42:02.544473,P3,5,"How ""tough"" is this course, is it intended for someone in their later semesters or even juniors?","This course is intended for students in their later semesters or even juniors. It is described as relatively basic compared to more advanced database introductions, suitable for students who might have some computer science background but not necessarily a deep database introduction.",Transcript,0.4108,-6.1054,5,
2026-04-19T12:42:25.879347,P2,4,Who takes this course ??,"Master's degree students, particularly those in the M.Sc.EN: Methods of digital engineering curriculum.",Transcript,0.4616,1.7033,4,
2026-04-19T12:42:34.414964,P3,6,"The weather is nice in Berlin, isnt it?","Irrelevant question, out of context",Filtered as not relevant (bi=0.037 ce=-10.48),0.0367,-10.484,5,
2026-04-19T12:43:04.487765,P2,5,What is the expected knowledge gain after completing the course,"After completing the course, students are expected to understand and assess engineering applications, understand basics of information systems, and design databases in the context of engineering applications.",Transcript,0.4133,-3.8735,5,
2026-04-19T12:43:58.120632,P3,7,What are the subject areas in the course? whats the main focus?,"The main focus of the course is on data management within engineering applications. The course covers topics such as relational and non-relational database systems, requirements of engineering data management, product data management, workflow support, interoperability, and product lifecycle management. The course aims to provide an overview of managing data in engineering contexts, including CAD and electrical engineering fields.",Transcript,0.5132,-5.6472,5,
2026-04-19T12:44:55.036779,P3,8,"what is the format of the exam, is it a written exam? and for how long?",The examination type for this course is a written exam lasting 120 minutes.,Transcript,0.4097,-4.7395,5,
2026-04-19T12:44:57.162376,P2,6,In which field this course can be used in real world ??,"In the real world, this course can be used in fields such as engineering systems development, product lifecycle management, and workflow support, where understanding and managing data effectively is crucial.",Transcript,0.5016,-4.4326,5,
2026-04-19T12:45:26.913702,P3,9,What core skills do i gain after completing this module and the career prospects of it,"After completing this module, you gain core skills in understanding and managing engineering data, designing databases relevant to engineering applications, and comprehending workflow support and interoperability. 

Career prospects include roles in engineering systems development, data management within engineering firms, and supporting engineering projects with information technology solutions. Given the broad applicability across various engineering fields, there are numerous job opportunities in industries such as automotive, aerospace, manufacturing, and construction.",Transcript,0.5124,-5.2577,5,
2026-04-19T12:45:51.890160,P2,7,How is the course forumulated ??,"The course is formulated as a foundational course for master's students, offering 6 credit points and lasting 1 semester. It is taught in English and covers topics such as relational and non-relational database systems, requirements of engineering data management, and product lifecycle management.",Transcript,0.4787,-4.9442,4,
2026-04-19T12:46:10.832243,P3,10,"Do you have some tips for the exam, how to prepare for it and how to perform well.","Based on the information provided, here are some tips for the exam:

- Start preparing early, ideally from the first day of the lecture.
- Attend all lectures and exercises regularly.
- Engage actively in discussions and ask questions during lectures and exercises.
- Review the material regularly and keep up with the course content.
- Familiarize yourself with the course content and objectives.
- Understand the course materials thoroughly, including the course content, examples, and case studies.
- Practice with past exam papers if available.",Transcript,0.5584,1.0978,4,
2026-04-19T12:46:18.681931,P11,1,Do I need to have any prior knowledge or complete any specific courses before taking this module?,No prior knowledge is required to take this module. This course is designed as a basic introduction to data management for engineering applications.,Transcript,0.4302,-3.0657,5,
2026-04-19T12:46:37.088180,P11,2,"How many credit points does this module offer, and how much workload should I expect?","This module offers 6 credit points. The expected total workload is 56 contact hours + 94 hours of independent study + 30 hours of labs, totaling 180 hours.",Transcript,0.3662,-3.4057,5,
2026-04-19T12:46:44.259658,P2,8,How does lecture and exercise take place ??,Lectures are 2 SWS and exercises are 2 SWS. Lectures take place in the classroom and exercises happen in the exercise class.,Transcript,0.4502,0.5076,3,
2026-04-19T12:46:50.329656,P11,3,"What language is this module taught in? Is it offered in German, English, or both?",This module is taught in English.,Transcript,0.4746,-5.9291,5,
2026-04-19T12:47:05.889438,P11,4,"Who is responsible for teaching this module, and which department offers it?","Eike Schallehn teaches this module, which is offered by the Computer Science Department.",Transcript,0.434,-3.6958,5,
2026-04-19T12:47:25.121826,P11,5,"Would this module be suitable for students in their first few semesters, or is it more advanced?","This module is more advanced and is intended for master's level students. It does not have prerequisites and covers topics relevant to engineering and data management, suggesting it is not suitable for first-year students.",Transcript,0.492,-4.1107,5,
2026-04-19T12:47:34.261633,P2,9,Who conducts exercise and lecture class ??,The lecture class is conducted by Eike Schallehn and the exercise class is conducted by Gunter Saake.,Transcript,0.3725,-1.2995,3,
2026-04-19T12:47:34.456361,P3,11,Should i buy a PS5 or a PS5 Pro?,"Irrelevant question, out of context",Filtered as not relevant (bi=0.065 ce=-10.49),0.0648,-10.494,5,
2026-04-19T12:47:52.489617,P11,6,What is the weather usually like in Berlin during winter?,"Irrelevant question, out of context",Filtered as not relevant (bi=0.058 ce=-10.94),0.0575,-10.9409,5,
2026-04-19T12:48:44.279494,P2,10,what would be your advice to get highest grade in the exam ?,"To get the highest grade in the exam, follow these steps:

1. Start preparing early and consistently.
2. Attend all lectures and exercises regularly.
3. Engage actively in discussions and ask questions.
4. Complete and review exercise questions.
5. Stay updated on missed lectures by reviewing materials.
6. Participate in the exam preparation sessions offered by the tutor.",Transcript,0.4582,1.8324,5,
2026-04-19T12:49:13.802495,P2,11,What will be the format of the exam??,The examination type for this course is a Written exam (120 min).,Transcript,0.4306,-4.364,4,
2026-04-19T12:49:28.499675,P11,7,What topics or main content areas are covered in this module?,"The main content areas covered in this module include Introduction to the design of relational and non-relational database systems, Requirements of engineering data management, Product data management with database systems, Workflow support and interoperability, and Product lifecycle management.",Transcript,0.5002,-7.2327,5,
2026-04-19T12:49:44.681773,P11,8,"How will this module be assessed? Is the exam written, oral, seminar-based, or something else?",The exam for this module is written and lasts 120 minutes.,Transcript,0.4391,-8.4318,5,
2026-04-19T12:50:08.935375,P11,9,How can this module help me with my future career or job opportunities?,"This module can help you with your future career by providing you with foundational knowledge in managing data within engineering applications. Understanding the basics of information systems and designing databases in the context of engineering can equip you with skills necessary for supporting engineering systems. While it may not cover all aspects of engineering data management, it can provide you with essential terms and concepts that are crucial for comprehending how data is managed. This knowledge can be beneficial in various roles where engineering applications and information technology intersect, such as system development and support. Additionally, while it is a basic course, it can serve as a stepping stone for further specialization and deeper studies in the field.",Transcript,0.5372,-5.6852,5,
2026-04-19T12:50:27.443685,P11,10,Would it be possible to write my thesis in a topic related to this module?,"Yes, it would be possible to write your thesis in a topic related to this module. While the course is foundational and not research-oriented, it covers essential concepts that can serve as a basis for more specialized research. Given the course content on data management for engineering applications, you could explore advanced topics such as advanced database models, workflow support, or product lifecycle management for your thesis.",Transcript,0.4767,1.532,5,
2026-04-19T12:50:45.054950,P11,11,What should I focus on to perform well in the exam for this module?,"To perform well in the exam for this module, focus on understanding the basic concepts of engineering data management as introduced in the course. Pay attention to the topics covered such as relational and non-relational database systems, requirements of engineering data management, and workflow support. Engage actively in lectures and exercises to stay updated and ask questions when needed.",Transcript,0.5754,-2.9497,5,
2026-04-19T12:51:03.387200,P11,12,What are some popular places to visit in Munich?,"Irrelevant question, out of context",Filtered as not relevant (bi=0.071 ce=-10.82),0.0705,-10.8243,5,
2026-04-19T12:51:49.144580,P2,12,What are the prospects of doing thesis in this subject,"Based on the information provided, supervision of master thesis is possible but less frequent due to the foundational nature of the course. Students can choose to advance in the direction of data management or engineering applications, leading to potential master thesis topics in the department.",Transcript,0.531,0.6187,4,
2026-04-19T13:44:24.273462,P1,1,credit points for this course,This course offers 6 credit points.,Transcript,0.3259,5.9263,5,
2026-04-19T13:44:59.762677,P1,2,whats the professors name,Eike Schallehn,Transcript,0.2594,-3.4112,5,
2026-04-19T13:47:12.433857,P1,3,who is the founder of spacex,"Irrelevant question, out of context",Filtered as not relevant (bi=0.011 ce=-10.97),0.0114,-10.9668,5,
2026-04-19T13:47:42.788159,P1,4,can a bachelors student take this course,This information is not available in the course knowledge base.,Transcript,0.3956,0.6209,3,
2026-04-19T13:48:37.400387,P1,5,number of exercise classes,The course has 2 SWS (Stunden pro Woche) for exercise classes.,Transcript,0.2988,-2.6923,3,
2026-04-19T13:49:30.330494,P1,6,Do we have any pre requisites for this course,No prerequisites are required for this course.,Transcript,0.4953,2.6829,5,
2026-04-19T13:49:58.142701,P1,7,language of teaching,The language of instruction for this course is English.,Transcript,0.3331,-0.214,5,
2026-04-19T13:50:33.944136,P1,8,exam type and tips to perform well,"The examination type for this course is a written exam lasting 120 minutes. To perform well, attend lectures and exercises regularly, ask questions, and stay updated on missed material.",Transcript,0.5149,-2.981,5,
2026-04-19T13:51:09.619306,P1,9,which thema for digital engineering can i map this to,"You can map the themes of Data Management for Engineering Applications to the Digital Engineering curriculum, specifically focusing on the topics like CAD, Electrical Engineering, and managing complex data requirements unique to these fields.",Transcript,0.4926,-3.1483,2,
2026-04-19T13:51:39.868006,P1,10,tell me about paris,"Irrelevant question, out of context",Filtered as not relevant (bi=0.101 ce=-8.26),0.1012,-8.2636,5,
2026-04-19T14:43:31.291830,P15,1,In future how the DMEA course helps me,"The DMEA course helps you understand and manage engineering data effectively, which is crucial in various engineering fields. This knowledge can enhance your job prospects in roles that require managing and analyzing data within engineering systems. By the end of the course, you will have a foundational understanding of how to apply data management principles specifically tailored to engineering applications, making you a valuable asset in industries such as automotive, aerospace, and manufacturing.",Transcript,0.6273,0.8039,5,
2026-04-19T14:49:14.590714,P15,2,How can i enroll to this course,This information is not available in the module's training sources.,Not found in knowledge base,0.458,0.615,,
2026-04-19T14:49:44.759084,P15,3,"how can find the ppt,slides of this course",This information is not available in the course knowledge base.,Transcript,0.2973,-2.3953,,
2026-04-19T14:50:26.993164,P15,4,Where can i find learning materials of this course,Learning materials such as handouts for lectures and exercise questions can be found at the URL provided in the context: https://lsf.ovgu.de/qislsf/rds?state=wsearchv&search=1&subdir=veranstaltung&veranstaltung.semester=20252&veranstaltung.dtxt=Data+Management+for+Engineering+Applications&P_start=0&P_anzahl=30&P.sort=veranstaltung.dtxt&_form=display.,Transcript,0.4267,-0.1982,5,
2026-04-19T14:52:39.442118,P15,5,where can i find previous exam sheets,This information is not available in the course knowledge base.,Transcript,0.2542,-6.8273,,
2026-04-19T14:52:50.124429,P15,6,where can i find previous question papers,"Irrelevant question, out of context",Filtered as not relevant (bi=0.098 ce=-7.03),0.098,-7.0304,3,
2026-04-19T14:53:41.137063,P15,7,Who are the tutors of this subject,Eike Schallehn and Gunter Saake are the tutors of this subject.,Transcript,0.4441,-3.0556,5,
2026-04-19T14:54:49.515960,P15,8,Which class did the lecture happens,"The lecture happens in the winter semester. The specific semester is not mentioned, only that it is in the winter semester.",Transcript,0.3587,-0.1484,5,
2026-04-19T14:56:11.804628,P15,9,How can i apply to this subject,"To apply to this subject, ensure you meet the prerequisites which are stated as ""no."" This means there are no specific prerequisites for the course. Therefore, you can directly apply to the ""Data Management for Engineering Applications"" course.",Transcript,0.4613,-1.2885,5,
2026-04-19T17:28:02.327900,P10,1,what are the the prerequisites of this module?,This information is not available in the course knowledge base.,Transcript,0.5341,-6.4548,1,
2026-04-19T17:28:44.387556,P10,2,how many credit points does DMEA have and what is the expected workload?,DMEA has 6 credit points. The expected workload is 56 contact hours + 94 hours of independent study + 30 hours of lab work.,Transcript,0.3776,3.3688,4,
2026-04-19T17:29:06.635996,P10,3,what is the teaching medium/language of the module,The language of instruction for this module is English.,Transcript,0.4373,-7.8002,4,
2026-04-19T17:29:30.636043,P10,4,who is the responsible faculty for this course?,Gunter Saake is the responsible faculty for this course.,Transcript,0.3607,2.6524,,
2026-04-19T17:30:10.834490,P10,5,"for a 1st semester student , what is the difficulty level?",This information is not available in the course knowledge base.,Transcript,0.4614,-7.7834,,
2026-04-19T17:30:30.410462,P10,6,when is FIFA world cup starting,"Irrelevant question, out of context",Filtered as not relevant (bi=0.072 ce=-10.88),0.0719,-10.8814,3,
2026-04-19T17:30:51.326821,P10,7,which topics or content areas will be covered in this module?,"The course covers topics such as introduction to relational and non-relational database systems, requirements of engineering data management, product data management with database systems, workflow support and interoperability, and product lifecycle management.",Transcript,0.5,-6.7292,4,
2026-04-19T17:31:18.557181,P10,8,how will the exam be conducted?,The exam type for this course is a written exam lasting 120 minutes.,Transcript,0.386,-2.3501,4,
2026-04-19T17:31:51.906692,P10,9,what are the the career prospects of this module?,"The career prospects for this module are promising due to its focus on understanding and managing data in engineering applications, which is relevant across various industries. While the course is considered relatively basic, it provides foundational knowledge that can be applied in diverse roles within engineering and information technology sectors. This could include positions such as software engineer, data analyst, or systems developer, all of which benefit from a solid grasp of data management principles. Given the broad applicability of these skills, especially in the context of engineering systems, there is significant potential for employment opportunities.",Transcript,0.4689,-4.0341,5,
2026-04-19T17:32:38.299331,P10,10,which are the focus areas to do a thesis in this module?,"The focus areas to do a thesis in this module include engineering applications and information technology, supporting engineering systems, and developing engineering systems.",Transcript,0.571,-5.1732,4,
2026-04-19T17:33:06.440262,P10,11,how do i perform well in exam?,This information is not available in the module's training sources.,Not found in knowledge base,0.5237,0.614,1,
2026-04-19T17:33:43.666592,P10,12,is Messi playing in next FIFA?,"Irrelevant question, out of context",Filtered as not relevant (bi=0.101 ce=-11.10),0.1013,-11.1009,3,
2026-04-19T19:31:31.844342,P18,1,Rate the prospects of the course,"The course offers foundational knowledge which can be beneficial for job prospects in engineering fields that require data management skills. While it may not be research-oriented, it provides essential concepts that can be applied in various engineering projects or master thesis topics.",Transcript,0.3423,-3.9785,4,
2026-04-19T19:32:36.678558,P18,2,How many credits does the course offer,The course offers 6 credit points.,Transcript,0.3469,4.8945,5,
2026-04-19T19:33:19.317047,P18,3,Strategy to perform well for the exam,"Based on the provided information, a strategy to perform well in the exam for this course could include:

- Starting to prepare early, ideally from the first day of the lecture.
- Attending all lectures and exercises regularly.
- Actively participating in discussions and asking questions.
- Completing exercise questions and keeping up with the course material.
- Reviewing missed lectures by looking up slides and handouts.
- Studying consistently throughout the semester, not just before the exam.",Transcript,0.5929,2.1653,,
2026-04-19T19:33:55.364917,P18,4,Average pass rate for the course,This information is not available in the course knowledge base.,Transcript,0.3436,-6.122,3,
2026-04-19T19:34:19.976346,P18,5,How is the weather in Magdeburg,"Irrelevant question, out of context",Filtered as not relevant (bi=0.047 ce=-10.89),0.0466,-10.8874,5,
2026-04-19T19:36:15.419996,P4,1,How many credit points will i get in this course?,You will get 6 credit points in this course.,Transcript,0.3359,3.6609,5,
2026-04-19T19:36:55.750321,P4,2,Which department offers this course and who will teach it?,The Informatics Department offers this course. Eike Schallehn will teach it.,Transcript,0.4439,1.8169,5,
2026-04-19T19:37:42.326805,P4,3,Should a student in second semester take this course?,"Yes, a second semester D.K.E. student should consider taking this course as it is suitable for beginners and does not require any prerequisites.",Transcript,0.4353,3.0496,4,
2026-04-19T19:38:23.345552,P4,4,Is this course available in english or german?,This course is available in english.,Transcript,0.4665,0.1473,5,
2026-04-19T19:38:47.575646,P4,5,Will it be sunny tomorrow?,"Irrelevant question, out of context",Filtered as not relevant (bi=0.050 ce=-10.23),0.0503,-10.2285,4,
2026-04-19T19:39:41.065712,P4,6,How many hours per week do i need to invest to complete this course?,"To complete this course, you need to invest approximately 7 hours per week. This includes 2 hours for the lecture and 2 hours for the exercise class, totaling 4 hours. Additionally, you need to allocate 36 hours for independent study and 18 hours for lab work.",Transcript,0.3216,-4.3347,4,
2026-04-20T16:47:08.997951,P13,1,Which topics are covered?,"The topics covered in the course include Introduction to the design of relational and non-relational database systems, Requirements of engineering data management, Product data management with database systems, Workflow support and interoperability, Product lifecycle management.",Transcript,0.3881,-1.715,5,
2026-04-20T16:47:38.627450,P13,2,Explanation product lifecycle Management,"Irrelevant question, out of context",Filtered as not relevant (bi=0.237 ce=-4.40),0.2371,-4.4018,5,
2026-04-20T16:48:22.862276,P13,3,How this course can help in my career?,"This course can help in your career by providing foundational knowledge in managing data for engineering applications, which is crucial in many industries. Understanding the basics of information systems and database design can enhance your ability to work effectively in teams that involve both engineering and IT. Additionally, while it may not prepare you for a master thesis directly, it can provide you with the necessary skills to contribute meaningfully to projects and seminars, especially those related to engineering applications and information technology integration.",Transcript,0.545,0.4658,4,
2026-04-20T16:49:32.606693,P13,4,How many modules in this course?,This information is not available in the course knowledge base.,Transcript,0.458,-3.7369,,
2026-04-20T16:50:05.773714,P13,5,Give me strategies on how to perform well in exam?,"Based on the information provided, here are some strategies to perform well in the exam:

1. Start preparing early and consistently attend lectures and exercises.
2. Actively participate in discussions and ask questions during lectures and exercises.
3. Review the course materials regularly, including handouts and slides.
4. Complete and review the exercise questions thoroughly.
5. Stay updated even if you miss a few lectures by referring to the course materials.
6. Prepare for the exam by revising the key concepts covered in the course.",Transcript,0.5481,3.5182,4,
2026-04-20T16:51:03.297877,P13,6,What are prospects of doing thesis in this subject?,"Based on the information provided, supervision of master thesis is possible but less frequent due to the foundational nature of the course. It is not recommended as preparation for a master thesis. However, it can provide a foundation for understanding the basic concepts necessary for a master thesis topic in the field.",Transcript,0.5321,0.1862,5,
2026-04-20T17:55:45.922404,P12,1,what are the prerequisites of this module,This information is not available in the course knowledge base.,Transcript,0.5457,-4.8964,3,
2026-04-20T17:56:17.026402,P12,2,what is the teahcing medium/language of the module,The teaching medium/language of the module is English.,Transcript,0.3709,-10.9902,5,
2026-04-20T17:56:44.861554,P12,3,what is the level of course (basic or advanced),The level of the course is basic.,Transcript,0.4873,1.3249,5,
2026-04-20T17:57:07.801854,P12,4,what are the career prospects of this module,"The career prospects for this module are promising, especially for those interested in engineering systems and data management. While the course is considered relatively basic, it provides foundational knowledge that can be applied across various engineering fields. Given the broad nature of engineering, there are numerous opportunities in industries such as automotive, aerospace, manufacturing, and more. The skills acquired, including understanding engineering applications, information systems, and database design, are valuable assets in many roles. Mastering these concepts can lead to positions like software engineer, systems analyst, or data scientist within engineering firms.",Transcript,0.4746,-4.2117,5,
2026-04-20T17:57:35.075527,P12,5,what are the prospects of doing a thesis in the same domain/module related thesis,"Based on the information provided, supervision of master thesis is possible but less frequent due to the foundational nature of the course. Students can expect to work on topics related to the course content, though it may not be directly preparing them for their own master thesis topics. Students should consider taking additional courses in database models to advance their studies in this area.",Transcript,0.5493,-3.1368,5,
2026-04-20T17:57:57.855969,P12,6,what are the strategies to perform well in the exam.,"Based on the provided information, several strategies can help perform well in the exam:

1. Start preparing early: Begin studying right from the first day of the lecture.
2. Attend lectures and exercises regularly: Be punctual and actively participate in discussions.
3. Engage with tutors: Ask questions and seek clarification during lectures and exercises.
4. Review materials: Stay updated with the lecture materials and exercises even if you miss a session.
5. Practice: Solve exercise questions and prepare for the written exam.",Transcript,0.5448,1.4617,5,
2026-04-20T17:58:26.765888,P12,7,what is the temperature in germany,"Irrelevant question, out of context",Filtered as not relevant (bi=0.100 ce=-10.16),0.0996,-10.1631,5,
2026-04-21T18:27:30.374826,P6,1,How is the weather?,"Irrelevant question, out of context",Filtered as not relevant (bi=0.042 ce=-8.94),0.0421,-8.9433,5,
2026-04-21T18:28:12.813310,P6,2,What are the requirements to enroll in this course?,There are no explicit prerequisites mentioned for enrolling in this course. This information is not available in the course knowledge base.,Transcript,0.4641,-1.6417,5,
2026-04-21T18:28:58.598298,P6,3,who teaches this course? which department offers this course?,Eike Schallehn teaches this course. The Informatics Department offers this course.,Transcript,0.4325,4.7904,5,
2026-04-21T18:30:29.920801,P6,4,I am in 2nd semester and wanted to know the level of this course?,The course level is master.,Transcript,0.5019,0.8501,2,
2026-04-21T18:31:27.528085,P6,5,what is the expected workload of this course?,"The total workload for this course includes 56 contact hours, 94 hours of independent study, and 30 hours of laboratory work.",Transcript,0.3719,0.9653,4,
2026-04-21T18:32:22.142001,P6,6,what are the career opportunities of this course?,"The course provides foundational knowledge in managing engineering data, which can open various career opportunities in fields requiring integration of engineering applications and information technology. While it may not prepare students for a master thesis directly, it equips them with essential skills and concepts necessary for roles involving data management in engineering systems. This could include positions such as software engineer, data analyst, or systems engineer within industries like automotive, aerospace, or manufacturing.",Transcript,0.4715,-1.049,4,
2026-04-21T18:33:11.405864,P6,7,List of contents of this module,"The course content includes: Introduction to the design of relational and non-relational database systems, Requirements of engineering data management, Product data management with database systems, Workflow support and interoperability, Product lifecycle management.",Transcript,0.491,-9.203,5,
2026-04-21T18:34:06.456597,P6,8,strategies to pass this exam,"To pass this exam, focus on attending lectures and exercises regularly, prepare early, and actively engage with the material and tutors.",Transcript,0.5144,2.0688,3,
2026-04-21T18:34:47.853401,P6,9,in which city is this course offered?,This information is not available in the course knowledge base.,Transcript,0.4317,-2.0002,3,
2026-04-21T18:35:27.735683,P6,10,is the exam conducted as seminar?,This information is not available in the course knowledge base.,Transcript,0.3705,-6.2039,2,
2026-04-21T19:42:23.344887,P17,1,"For Data Management for Engineers, what is the total number of credits alloted?",The total number of credits allotted for Data Management for Engineering Applications (DMEA) is 6.,Transcript,0.4596,-0.44,,
2026-04-21T19:42:39.713617,P17,2,What is DMEA?,DMEA stands for Data Management for Engineering Applications.,Transcript,0.4615,3.4152,,
2026-04-21T19:43:25.153219,P17,3,Is DMEA useful for students who want to pursue Automobile related careers?,"Yes, DMEA is useful for students who want to pursue automobile-related careers as it covers essential data management principles relevant to engineering applications, including CAD and electrical engineering, which are crucial in the automotive industry.",Transcript,0.4979,-3.5806,,
2026-04-21T19:43:48.286450,P17,4,Is DMEA an advanced course for a first Semester student?,"No, DMEA is not considered an advanced course for a first semester student. According to the context, it is described as a course for Master's level students, specifically those in the M.Sc.EN: Methods of digital engineering curriculum.",Transcript,0.5881,3.2238,,
2026-04-21T19:44:12.364643,P17,5,What are the career prospects of DMEA?,"The course DMEA provides foundational knowledge in managing engineering applications, which can be beneficial for various careers in engineering and related fields. While it may not be directly tailored towards preparing for a master thesis, it can enhance understanding of data management principles crucial for supporting engineering systems. This knowledge can open doors to roles requiring expertise in integrating IT solutions with engineering applications. However, specific career prospects are not detailed in the given context.",Transcript,0.4725,-3.6151,,
2026-04-21T19:44:40.453363,P17,6,What are the advantages of doing a thesis in DMEA?,"Based on the information provided, there are no explicit advantages mentioned for doing a thesis in DMEA. However, it is noted that Dr. Schallehn occasionally supervises master's theses related to topics covered in the course.",Transcript,0.4209,-2.1964,,
2026-04-21T19:45:09.405748,P17,7,How many topics will be covered in DMEA?,There are 10 topics covered in DMEA.,Transcript,0.4792,-0.7234,,
2026-04-23T16:18:49.430105,P5,1,whats the thing I need to know before taking this course ??,"Before taking this course, you need to have an understanding of basic engineering principles and familiarity with information technology concepts. There are no specific prerequisites mentioned, but having a foundational knowledge in these areas will be beneficial.",Transcript,0.4939,4.2566,5,
2026-04-23T16:20:21.612681,P5,2,how points do i get from this course as a master student ?,You get 6 credit points from this course as a master student.,Transcript,0.4391,1.4033,5,
2026-04-23T16:21:21.852587,P5,3,what will the temperature of magdeburg when i start taking this course in winter semester ?,This information is not available in the course knowledge base.,Transcript,0.3326,-4.6111,5,
2026-04-23T16:21:56.928995,P5,4,can i attent the course even  i dont know german ?,This information is not available in the course knowledge base.,Transcript,0.3866,-6.921,3,
2026-04-23T16:22:37.116984,P5,5,who teaches this course and what are their qualifications ?,Eike Schallehn teaches this course. No specific qualifications are mentioned in the given context.,Transcript,0.4728,3.0982,5,
2026-04-23T16:23:12.357219,P5,6,"things i get to learn from this course, list it in bullet points",,Transcript,0.4446,-0.84,5,
2026-04-23T16:23:45.838956,P5,7,exam type for this course ?,The exam type for this course is Written exam (120 min).,Transcript,0.4715,4.7699,5,
2026-04-23T16:24:33.541356,P5,8,"any tips to pass or score in this exam ? didnt study entire semester, any last minute tips ?","Based on the information provided, here are some tips:

1. Attend all lectures and exercises regularly.
2. Prepare early and continuously throughout the semester, not just before the exam.
3. Engage actively in discussions and ask questions during lectures and exercises.
4. Review the course materials regularly.
5. Complete the assigned exercises and handouts.
6. Stay updated even if you miss a few lectures by referring to the course materials and slides.

For last-minute preparation, focus on reviewing key concepts and formulas covered in the lectures and exercises. Practice past exam questions if available.",Transcript,0.5794,-4.6682,3,
2026-04-23T16:25:27.816653,P5,9,do i really need to take this course to get a better job  ?,"Yes, taking this course can provide you with foundational knowledge in managing data for engineering applications, which could be beneficial for your job prospects, especially in fields that require integration of engineering systems with IT. While the course is considered basic, it introduces fundamental concepts that can enhance your understanding and skills in this area, potentially making you more competitive in the job market.",Transcript,0.3787,1.5148,4,
2026-04-23T16:26:02.741243,P5,10,tell me more about the uni which offers this course,This information is not available in the course knowledge base.,Transcript,0.5368,-0.4522,5,
2026-04-25T09:10:50.955612,P14,1,How is the weather,"Irrelevant question, out of context",Filtered as not relevant (bi=0.063 ce=-7.46),0.0633,-7.4643,5,
2026-04-25T09:11:09.792667,P14,2,How many credits?,"Irrelevant question, out of context",Filtered as not relevant (bi=0.151 ce=-4.47),0.1505,-4.4697,3,
2026-04-25T09:11:32.118349,P14,3,How many credits for this course,This course offers 6 credit points.,Transcript,0.376,4.8637,3,
2026-04-25T09:11:50.894034,P14,4,what is the professor name,Eike Schallehn,Transcript,0.2211,-2.9308,5,
2026-04-25T09:12:12.991808,P14,5,Can DE students take this course,"Yes, DE (Digital Engineering) students can take this course as it is applicable in their curriculum.",Transcript,0.5082,2.1043,5,
2026-04-25T09:12:35.651809,P14,6,What is the thematic area DE students can map this course,DE (Digital Engineering) students can map this course to the thematic areas of engineering data management and database systems.,Transcript,0.553,-7.3229,2,
2026-04-25T09:13:05.466406,P14,7,Is excercise mandatory for this course,"No, exercises are not mandatory for this course.",Transcript,0.3895,-4.7847,5,
2026-04-25T09:13:24.724432,P14,8,What are the topics that are covered in this course,"The topics covered in this course include Introduction to the design of relational and non-relational database systems, Requirements of engineering data management, Product data management with database systems, Workflow support and interoperability, Product lifecycle management.",Transcript,0.5361,3.0765,5,
2026-04-25T09:13:40.248831,P14,9,What is the exam date for this course,This information is not available in the course knowledge base.,Transcript,0.4687,0.0605,1,
2026-04-25T09:13:54.812370,P14,10,is it sunny?,"Irrelevant question, out of context",Filtered as not relevant (bi=0.052 ce=-8.58),0.0524,-8.5844,5,
2026-04-25T09:14:07.201764,P14,11,What?,"There are several things that the instructor typically tells students in the first lecture to prepare for the course and get a good grade, including starting preparation early, attending lectures and exercises, asking questions, and staying updated.",Transcript,0.07,0.2784,1,
2026-04-25T10:03:26.718140,P16,1,What topics will be covered in this module?,"This module covers topics such as introduction to relational and non-relational database systems, requirements of engineering data management, product data management with database systems, workflow support and interoperability, and product lifecycle management.",Transcript,0.5033,-3.2843,5,
2026-04-25T10:03:57.347064,P16,2,"What kind of exam does this course have (written, oral, project, etc.)?",Written exam (120 min),Transcript,0.4991,0.4065,4,
2026-04-25T10:04:39.880647,P16,3,How will this module help in future job opportunities?,"This module will help in future job opportunities by providing an understanding of how to manage data in engineering applications, which is crucial in fields like CAD and Electrical Engineering. It equips students with foundational knowledge necessary for supporting engineering systems and managing data effectively. While it is a basic course, it lays the groundwork for more specialized studies and practical applications in various engineering domains.",Transcript,0.5278,-5.4341,5,
2026-04-25T10:05:04.608227,P16,4,Can I do my thesis in this subject or related area?,"Yes, you can do your thesis in this subject or related areas, though it might not be directly prepared as a direct preparation for your master thesis due to its foundational nature. However, the concepts learned can serve as a strong basis for your thesis.",Transcript,0.5236,2.5558,4,
2026-04-25T10:05:26.958265,P16,5,Which sports are popular in Germany?,"Irrelevant question, out of context",Filtered as not relevant (bi=0.080 ce=-10.63),0.0798,-10.6255,4,
2026-04-25T21:49:26.491907,P8,1,I am trying to know about the pre requisite required to take the course DMEA,This information is not available in the course knowledge base.,Transcript,0.5593,1.1015,2,
2026-04-25T21:50:53.436672,P8,2,can I atleast know the credit points or the amount of effort might need to put,"Irrelevant question, out of context",Filtered as not relevant (bi=0.202 ce=-10.42),0.2025,-10.4174,1,
2026-04-25T21:51:26.985362,P9,1,Can I get to know the contents of the course DMEA,"Yes, the course DMEA covers topics such as the introduction to the design of relational and non-relational database systems, requirements of engineering data management, product data management with database systems, workflow support and interoperability, and product lifecycle management.",Transcript,0.6501,2.9304,5,
2026-04-25T21:51:28.916353,P8,3,what is the source of teaching langauge,"Irrelevant question, out of context",Filtered as not relevant (bi=0.185 ce=-8.84),0.1852,-8.8403,1,
2026-04-25T21:52:18.119956,P8,4,do i need to have some basic knowledge in taking up this course,"No, you do not need any prerequisites for this course.",Transcript,0.4543,3.8301,4,
2026-04-25T21:52:49.400590,P8,5,I want to know how much credit is needed for Deep learning,"Irrelevant question, out of context",Filtered as not relevant (bi=0.222 ce=-8.83),0.2222,-8.8344,5,
2026-04-25T21:53:36.464116,P9,2,I am an upcoming student in course DKE coming this summer. Can I take the DMEA class,"Yes, as a second semester D.K.E. student, you can take the DMEA class. However, it is recommended to check with the current academic year's schedule and any prerequisites or restrictions that might apply. Based on the information provided, DMEA is open to students from various curricula including M.Sc.EN: Methods of digital engineering.",Transcript,0.5635,-0.402,3,Actually it would be good if it tells the student that classes are offered in winter but exam can be done in summer
2026-04-25T21:53:41.476438,P8,6,"I am willing to take this course, what all areas does it cover","The course covers areas such as introduction to relational and non-relational database systems, requirements of engineering data management, product data management with database systems, workflow support and interoperability, and product lifecycle management.",Transcript,0.476,-0.5022,4,
2026-04-25T21:55:48.364289,P8,7,can I know whether exam is oral or written,This information is not available in the course knowledge base.,Transcript,0.2945,-5.5077,3,
2026-04-25T21:56:37.004468,P9,3,Who is the lecturer and who is the tutor of DMEA course,Eike Schallehn is the lecturer of DMEA course. No mention of a tutor is made in the provided context.,Transcript,0.6327,5.6192,5,
2026-04-25T21:56:58.490856,P8,8,"If I successfuly finish this course, what is the possible career choice","Completing this course could lead to careers in engineering systems development, data management in engineering contexts, and roles requiring an understanding of how to manage data within engineering applications.",Transcript,0.443,-7.5319,3,
2026-04-25T21:57:48.940374,P9,4,Who am i,This information is not available in the module's training sources.,Not found in knowledge base,0.1066,-2.008,1,
2026-04-25T21:58:17.328217,P9,5,What is the credit of DMEA,The credit of DMEA is 6 credit points.,Transcript,0.3411,4.1019,,
2026-04-25T21:58:23.440575,P8,9,"can I do a thesis if I take this course, or is there any relevant thesis topic available within this subject","Yes, you can do a thesis even if you take this course. While it may not be directly related to the course content, the foundational knowledge and skills acquired can be applied to various engineering applications and information technology fields. There are research questions in the field of engineering applications and information technology that could serve as potential thesis topics. However, supervision of master theses related to this course is less frequent due to its foundational nature and lack of research orientation.",Transcript,0.5107,5.1507,4,
2026-04-25T21:59:06.323566,P9,6,I am a student in Medical Systems in OVGU. Can I take DMEA.,"No, as a student in Medical Systems at OVGU, DMEA is not applicable to your curriculum according to the information provided. The course is applicable to the M.Sc.EN: Methods of digital engineering curriculum.",Transcript,0.4744,5.0321,4,
2026-04-25T22:00:36.529084,P8,10,can DKE students take DMEA,"Yes, DKE students can take DMEA.",Transcript,0.4574,2.0737,2,answer is wrong according to lsf
2026-04-25T22:01:06.035666,P9,7,Can DKE students take DMEA,"Yes, DKE students can take DMEA.",Transcript,0.4574,2.0737,1,
2026-04-25T22:02:06.459084,P9,8,How is the exam pattern of DMEA,The exam pattern for DMEA involves a written exam lasting 120 minutes.,Transcript,0.5542,2.9775,3,More details required
2026-04-25T22:03:23.088192,P9,9,Prerequisite for DMEA,This course has no prerequisites according to the information provided.,Transcript,0.4982,4.6513,5,
2026-04-25T22:04:01.565978,P9,10,Question asked for the exam of DMEA,The exam type for DMEA is a Written exam (120 min).,Transcript,0.5089,2.8467,4,
2026-04-27T10:21:30.958228,P7,1,What are pre requisites for the course,No prerequisites are required for this course.,Transcript,0.4547,0.8455,5,
2026-04-27T10:21:53.524507,P7,2,How maby credit points do we get for the course,"For this course, you get 6 credit points.",Transcript,0.2876,-1.726,5,
2026-04-27T10:22:07.879802,P7,3,Who is the professor,"Irrelevant question, out of context",Filtered as not relevant (bi=0.200 ce=-3.75),0.1995,-3.7507,2,
2026-04-27T10:22:29.753078,P7,4,Who is the lecturer,Eike Schallehn is the lecturer for this course.,Transcript,0.288,-2.7606,5,
2026-04-27T10:22:44.851207,P7,5,What is the exam pattern,The exam pattern for this course includes a written exam lasting 120 minutes.,Transcript,0.3576,-3.5702,5,
2026-04-27T10:23:01.859262,P7,6,Who won football league last year,"Irrelevant question, out of context",Filtered as not relevant (bi=0.075 ce=-10.49),0.0751,-10.485,5,
2026-04-27T10:23:27.965938,P7,7,What is the workload of the course,The total workload of this course is 56 contact hours + 94 h independent study + 30 h lab.,Transcript,0.3908,3.6965,5,
2026-04-27T10:24:00.753487,P7,8,Can i get thesis if i do this course,"Yes, you can get a thesis related to topics covered in this course. However, it is not specifically designed as a preparation for your master's thesis.",Transcript,0.4885,4.3107,5,
